<?xml version="1.0" encoding="UTF-8"?>
<portals>
  <portaleditor_data_PortalObject>
    <virtual>false</virtual>
    <left>0</left>
    <right>768</right>
    <top>2304</top>
    <bottom>2048</bottom>
    <floor>0</floor>
    <ceil>256</ceil>
    <type></type>
    <security_type></security_type>
    <id>Portal2</id>
    <light>0</light>
    <light_type>0</light_type>
    <referredPortals>
      <portalconnector_data_ConnectionPort>
        <portal_id>Portal3</portal_id>
        <left>0</left>
        <right>256</right>
        <top>256</top>
        <bottom>0</bottom>
        <align>BOTTOM</align>
        <type></type>
      </portalconnector_data_ConnectionPort>
      <portalconnector_data_ConnectionPort>
        <portal_id>Portal1</portal_id>
        <left>0</left>
        <right>256</right>
        <top>256</top>
        <bottom>0</bottom>
        <align>LEFT</align>
        <type></type>
      </portalconnector_data_ConnectionPort>
    </referredPortals>
    <referredSpans>
      <texturing_data_Span>
        <left>0</left>
        <right>256</right>
        <top>256</top>
        <bottom>0</bottom>
        <align>RIGHT</align>
        <textureID></textureID>
      </texturing_data_Span>
      <texturing_data_Span>
        <left>0</left>
        <right>768</right>
        <top>256</top>
        <bottom>0</bottom>
        <align>TOP</align>
        <textureID></textureID>
      </texturing_data_Span>
      <texturing_data_Span>
        <left>256</left>
        <right>768</right>
        <top>256</top>
        <bottom>0</bottom>
        <align>BOTTOM</align>
        <textureID></textureID>
      </texturing_data_Span>
    </referredSpans>
  </portaleditor_data_PortalObject>
  <portaleditor_data_PortalObject>
    <virtual>false</virtual>
    <left>-1024</left>
    <right>0</right>
    <top>2560</top>
    <bottom>1536</bottom>
    <floor>0</floor>
    <ceil>256</ceil>
    <type></type>
    <security_type></security_type>
    <id>Portal1</id>
    <light>0</light>
    <light_type>0</light_type>
    <referredPortals>
      <portalconnector_data_ConnectionPort>
        <portal_id>Portal2</portal_id>
        <left>256</left>
        <right>512</right>
        <top>256</top>
        <bottom>0</bottom>
        <align>RIGHT</align>
        <type></type>
      </portalconnector_data_ConnectionPort>
      <portalconnector_data_ConnectionPort>
        <portal_id>Portal15</portal_id>
        <left>128</left>
        <right>896</right>
        <top>256</top>
        <bottom>0</bottom>
        <align>LEFT</align>
        <type></type>
      </portalconnector_data_ConnectionPort>
    </referredPortals>
    <referredSpans>
      <texturing_data_Span>
        <left>0</left>
        <right>128</right>
        <top>256</top>
        <bottom>0</bottom>
        <align>LEFT</align>
        <textureID></textureID>
      </texturing_data_Span>
      <texturing_data_Span>
        <left>896</left>
        <right>1024</right>
        <top>256</top>
        <bottom>0</bottom>
        <align>LEFT</align>
        <textureID></textureID>
      </texturing_data_Span>
      <texturing_data_Span>
        <left>0</left>
        <right>256</right>
        <top>256</top>
        <bottom>0</bottom>
        <align>RIGHT</align>
        <textureID></textureID>
      </texturing_data_Span>
      <texturing_data_Span>
        <left>512</left>
        <right>1024</right>
        <top>256</top>
        <bottom>0</bottom>
        <align>RIGHT</align>
        <textureID></textureID>
      </texturing_data_Span>
      <texturing_data_Span>
        <left>0</left>
        <right>1024</right>
        <top>256</top>
        <bottom>0</bottom>
        <align>TOP</align>
        <textureID></textureID>
      </texturing_data_Span>
      <texturing_data_Span>
        <left>0</left>
        <right>1024</right>
        <top>256</top>
        <bottom>0</bottom>
        <align>BOTTOM</align>
        <textureID></textureID>
      </texturing_data_Span>
    </referredSpans>
  </portaleditor_data_PortalObject>
  <portaleditor_data_PortalObject>
    <virtual>false</virtual>
    <left>512</left>
    <right>768</right>
    <top>2048</top>
    <bottom>1280</bottom>
    <floor>0</floor>
    <ceil>256</ceil>
    <type></type>
    <security_type></security_type>
    <id>Portal3</id>
    <light>0</light>
    <light_type>0</light_type>
    <referredPortals>
      <portalconnector_data_ConnectionPort>
        <portal_id>Portal2</portal_id>
        <left>0</left>
        <right>256</right>
        <top>256</top>
        <bottom>0</bottom>
        <align>TOP</align>
        <type></type>
      </portalconnector_data_ConnectionPort>
      <portalconnector_data_ConnectionPort>
        <portal_id>Portal4</portal_id>
        <left>0</left>
        <right>256</right>
        <top>256</top>
        <bottom>0</bottom>
        <align>BOTTOM</align>
        <type></type>
      </portalconnector_data_ConnectionPort>
    </referredPortals>
    <referredSpans>
      <texturing_data_Span>
        <left>0</left>
        <right>768</right>
        <top>256</top>
        <bottom>0</bottom>
        <align>LEFT</align>
        <textureID></textureID>
      </texturing_data_Span>
      <texturing_data_Span>
        <left>0</left>
        <right>768</right>
        <top>256</top>
        <bottom>0</bottom>
        <align>RIGHT</align>
        <textureID></textureID>
      </texturing_data_Span>
    </referredSpans>
  </portaleditor_data_PortalObject>
  <portaleditor_data_PortalObject>
    <virtual>false</virtual>
    <left>256</left>
    <right>1792</right>
    <top>1280</top>
    <bottom>512</bottom>
    <floor>0</floor>
    <ceil>256</ceil>
    <type></type>
    <security_type></security_type>
    <id>Portal4</id>
    <light>0</light>
    <light_type>0</light_type>
    <referredPortals>
      <portalconnector_data_ConnectionPort>
        <portal_id>Portal3</portal_id>
        <left>256</left>
        <right>512</right>
        <top>256</top>
        <bottom>0</bottom>
        <align>TOP</align>
        <type></type>
      </portalconnector_data_ConnectionPort>
      <portalconnector_data_ConnectionPort>
        <portal_id>Portal5</portal_id>
        <left>0</left>
        <right>512</right>
        <top>256</top>
        <bottom>0</bottom>
        <align>BOTTOM</align>
        <type></type>
      </portalconnector_data_ConnectionPort>
    </referredPortals>
    <referredSpans>
      <texturing_data_Span>
        <left>0</left>
        <right>768</right>
        <top>256</top>
        <bottom>0</bottom>
        <align>LEFT</align>
        <textureID></textureID>
      </texturing_data_Span>
      <texturing_data_Span>
        <left>0</left>
        <right>768</right>
        <top>256</top>
        <bottom>0</bottom>
        <align>RIGHT</align>
        <textureID></textureID>
      </texturing_data_Span>
      <texturing_data_Span>
        <left>0</left>
        <right>256</right>
        <top>256</top>
        <bottom>0</bottom>
        <align>TOP</align>
        <textureID></textureID>
      </texturing_data_Span>
      <texturing_data_Span>
        <left>512</left>
        <right>1536</right>
        <top>256</top>
        <bottom>0</bottom>
        <align>TOP</align>
        <textureID></textureID>
      </texturing_data_Span>
      <texturing_data_Span>
        <left>512</left>
        <right>1536</right>
        <top>256</top>
        <bottom>0</bottom>
        <align>BOTTOM</align>
        <textureID></textureID>
      </texturing_data_Span>
    </referredSpans>
  </portaleditor_data_PortalObject>
  <portaleditor_data_PortalObject>
    <virtual>false</virtual>
    <left>1280</left>
    <right>1792</right>
    <top>512</top>
    <bottom>-512</bottom>
    <floor>0</floor>
    <ceil>256</ceil>
    <type></type>
    <security_type></security_type>
    <id>Portal5</id>
    <light>0</light>
    <light_type>0</light_type>
    <referredPortals>
      <portalconnector_data_ConnectionPort>
        <portal_id>Portal4</portal_id>
        <left>0</left>
        <right>512</right>
        <top>256</top>
        <bottom>0</bottom>
        <align>TOP</align>
        <type></type>
      </portalconnector_data_ConnectionPort>
      <portalconnector_data_ConnectionPort>
        <portal_id>Portal6</portal_id>
        <left>0</left>
        <right>512</right>
        <top>256</top>
        <bottom>0</bottom>
        <align>BOTTOM</align>
        <type></type>
      </portalconnector_data_ConnectionPort>
    </referredPortals>
    <referredSpans>
      <texturing_data_Span>
        <left>0</left>
        <right>1024</right>
        <top>256</top>
        <bottom>0</bottom>
        <align>LEFT</align>
        <textureID></textureID>
      </texturing_data_Span>
      <texturing_data_Span>
        <left>0</left>
        <right>1024</right>
        <top>256</top>
        <bottom>0</bottom>
        <align>RIGHT</align>
        <textureID></textureID>
      </texturing_data_Span>
    </referredSpans>
  </portaleditor_data_PortalObject>
  <portaleditor_data_PortalObject>
    <virtual>false</virtual>
    <left>256</left>
    <right>1792</right>
    <top>-512</top>
    <bottom>-1280</bottom>
    <floor>0</floor>
    <ceil>256</ceil>
    <type></type>
    <security_type></security_type>
    <id>Portal6</id>
    <light>0</light>
    <light_type>0</light_type>
    <referredPortals>
      <portalconnector_data_ConnectionPort>
        <portal_id>Portal5</portal_id>
        <left>1024</left>
        <right>1536</right>
        <top>256</top>
        <bottom>0</bottom>
        <align>TOP</align>
        <type></type>
      </portalconnector_data_ConnectionPort>
      <portalconnector_data_ConnectionPort>
        <portal_id>Portal8</portal_id>
        <left>256</left>
        <right>512</right>
        <top>256</top>
        <bottom>0</bottom>
        <align>LEFT</align>
        <type></type>
      </portalconnector_data_ConnectionPort>
    </referredPortals>
    <referredSpans>
      <texturing_data_Span>
        <left>0</left>
        <right>256</right>
        <top>256</top>
        <bottom>0</bottom>
        <align>LEFT</align>
        <textureID></textureID>
      </texturing_data_Span>
      <texturing_data_Span>
        <left>512</left>
        <right>768</right>
        <top>256</top>
        <bottom>0</bottom>
        <align>LEFT</align>
        <textureID></textureID>
      </texturing_data_Span>
      <texturing_data_Span>
        <left>0</left>
        <right>768</right>
        <top>256</top>
        <bottom>0</bottom>
        <align>RIGHT</align>
        <textureID></textureID>
      </texturing_data_Span>
      <texturing_data_Span>
        <left>0</left>
        <right>1024</right>
        <top>256</top>
        <bottom>0</bottom>
        <align>TOP</align>
        <textureID></textureID>
      </texturing_data_Span>
      <texturing_data_Span>
        <left>0</left>
        <right>1536</right>
        <top>256</top>
        <bottom>0</bottom>
        <align>BOTTOM</align>
        <textureID></textureID>
      </texturing_data_Span>
    </referredSpans>
  </portaleditor_data_PortalObject>
  <portaleditor_data_PortalObject>
    <virtual>false</virtual>
    <left>-768</left>
    <right>256</right>
    <top>-768</top>
    <bottom>-1024</bottom>
    <floor>0</floor>
    <ceil>256</ceil>
    <type></type>
    <security_type></security_type>
    <id>Portal8</id>
    <light>0</light>
    <light_type>0</light_type>
    <referredPortals>
      <portalconnector_data_ConnectionPort>
        <portal_id>Portal10</portal_id>
        <left>0</left>
        <right>256</right>
        <top>256</top>
        <bottom>0</bottom>
        <align>TOP</align>
        <type></type>
      </portalconnector_data_ConnectionPort>
      <portalconnector_data_ConnectionPort>
        <portal_id>Portal6</portal_id>
        <left>0</left>
        <right>256</right>
        <top>256</top>
        <bottom>0</bottom>
        <align>RIGHT</align>
        <type></type>
      </portalconnector_data_ConnectionPort>
    </referredPortals>
    <referredSpans>
      <texturing_data_Span>
        <left>0</left>
        <right>256</right>
        <top>256</top>
        <bottom>0</bottom>
        <align>LEFT</align>
        <textureID></textureID>
      </texturing_data_Span>
      <texturing_data_Span>
        <left>256</left>
        <right>1024</right>
        <top>256</top>
        <bottom>0</bottom>
        <align>TOP</align>
        <textureID></textureID>
      </texturing_data_Span>
      <texturing_data_Span>
        <left>0</left>
        <right>1024</right>
        <top>256</top>
        <bottom>0</bottom>
        <align>BOTTOM</align>
        <textureID></textureID>
      </texturing_data_Span>
    </referredSpans>
  </portaleditor_data_PortalObject>
  <portaleditor_data_PortalObject>
    <virtual>false</virtual>
    <left>-1280</left>
    <right>0</right>
    <top>0</top>
    <bottom>-512</bottom>
    <floor>0</floor>
    <ceil>256</ceil>
    <type></type>
    <security_type></security_type>
    <id>Portal9</id>
    <light>0</light>
    <light_type>0</light_type>
    <referredPortals>
      <portalconnector_data_ConnectionPort>
        <portal_id>Portal12</portal_id>
        <left>0</left>
        <right>256</right>
        <top>256</top>
        <bottom>0</bottom>
        <align>TOP</align>
        <type></type>
      </portalconnector_data_ConnectionPort>
      <portalconnector_data_ConnectionPort>
        <portal_id>Portal13</portal_id>
        <left>1024</left>
        <right>1280</right>
        <top>256</top>
        <bottom>0</bottom>
        <align>TOP</align>
        <type></type>
      </portalconnector_data_ConnectionPort>
      <portalconnector_data_ConnectionPort>
        <portal_id>Portal14</portal_id>
        <left>256</left>
        <right>1024</right>
        <top>256</top>
        <bottom>0</bottom>
        <align>TOP</align>
        <type></type>
      </portalconnector_data_ConnectionPort>
      <portalconnector_data_ConnectionPort>
        <portal_id>Portal10</portal_id>
        <left>512</left>
        <right>768</right>
        <top>256</top>
        <bottom>0</bottom>
        <align>BOTTOM</align>
        <type></type>
      </portalconnector_data_ConnectionPort>
    </referredPortals>
    <referredSpans>
      <texturing_data_Span>
        <left>0</left>
        <right>512</right>
        <top>256</top>
        <bottom>0</bottom>
        <align>LEFT</align>
        <textureID></textureID>
      </texturing_data_Span>
      <texturing_data_Span>
        <left>0</left>
        <right>512</right>
        <top>256</top>
        <bottom>0</bottom>
        <align>RIGHT</align>
        <textureID></textureID>
      </texturing_data_Span>
      <texturing_data_Span>
        <left>256</left>
        <right>1024</right>
        <top>256</top>
        <bottom>0</bottom>
        <align>TOP</align>
        <textureID></textureID>
      </texturing_data_Span>
      <texturing_data_Span>
        <left>0</left>
        <right>512</right>
        <top>256</top>
        <bottom>0</bottom>
        <align>BOTTOM</align>
        <textureID></textureID>
      </texturing_data_Span>
      <texturing_data_Span>
        <left>768</left>
        <right>1280</right>
        <top>256</top>
        <bottom>0</bottom>
        <align>BOTTOM</align>
        <textureID></textureID>
      </texturing_data_Span>
    </referredSpans>
  </portaleditor_data_PortalObject>
  <portaleditor_data_PortalObject>
    <virtual>false</virtual>
    <left>-768</left>
    <right>-512</right>
    <top>-512</top>
    <bottom>-768</bottom>
    <floor>0</floor>
    <ceil>256</ceil>
    <type></type>
    <security_type></security_type>
    <id>Portal10</id>
    <light>0</light>
    <light_type>0</light_type>
    <referredPortals>
      <portalconnector_data_ConnectionPort>
        <portal_id>Portal9</portal_id>
        <left>0</left>
        <right>256</right>
        <top>256</top>
        <bottom>0</bottom>
        <align>TOP</align>
        <type></type>
      </portalconnector_data_ConnectionPort>
      <portalconnector_data_ConnectionPort>
        <portal_id>Portal8</portal_id>
        <left>0</left>
        <right>256</right>
        <top>256</top>
        <bottom>0</bottom>
        <align>BOTTOM</align>
        <type></type>
      </portalconnector_data_ConnectionPort>
    </referredPortals>
    <referredSpans>
      <texturing_data_Span>
        <left>0</left>
        <right>256</right>
        <top>256</top>
        <bottom>0</bottom>
        <align>LEFT</align>
        <textureID></textureID>
      </texturing_data_Span>
      <texturing_data_Span>
        <left>0</left>
        <right>256</right>
        <top>256</top>
        <bottom>0</bottom>
        <align>RIGHT</align>
        <textureID></textureID>
      </texturing_data_Span>
    </referredSpans>
  </portaleditor_data_PortalObject>
  <portaleditor_data_PortalObject>
    <virtual>false</virtual>
    <left>-1280</left>
    <right>0</right>
    <top>1280</top>
    <bottom>768</bottom>
    <floor>0</floor>
    <ceil>256</ceil>
    <type></type>
    <security_type></security_type>
    <id>Portal11</id>
    <light>0</light>
    <light_type>0</light_type>
    <referredPortals>
      <portalconnector_data_ConnectionPort>
        <portal_id>Portal12</portal_id>
        <left>1024</left>
        <right>1280</right>
        <top>256</top>
        <bottom>0</bottom>
        <align>BOTTOM</align>
        <type></type>
      </portalconnector_data_ConnectionPort>
      <portalconnector_data_ConnectionPort>
        <portal_id>Portal13</portal_id>
        <left>0</left>
        <right>256</right>
        <top>256</top>
        <bottom>0</bottom>
        <align>BOTTOM</align>
        <type></type>
      </portalconnector_data_ConnectionPort>
      <portalconnector_data_ConnectionPort>
        <portal_id>Portal14</portal_id>
        <left>256</left>
        <right>1024</right>
        <top>256</top>
        <bottom>0</bottom>
        <align>BOTTOM</align>
        <type></type>
      </portalconnector_data_ConnectionPort>
    </referredPortals>
    <referredSpans>
      <texturing_data_Span>
        <left>0</left>
        <right>512</right>
        <top>256</top>
        <bottom>0</bottom>
        <align>LEFT</align>
        <textureID></textureID>
      </texturing_data_Span>
      <texturing_data_Span>
        <left>0</left>
        <right>512</right>
        <top>256</top>
        <bottom>0</bottom>
        <align>RIGHT</align>
        <textureID></textureID>
      </texturing_data_Span>
      <texturing_data_Span>
        <left>0</left>
        <right>1280</right>
        <top>256</top>
        <bottom>0</bottom>
        <align>TOP</align>
        <textureID></textureID>
      </texturing_data_Span>
      <texturing_data_Span>
        <left>256</left>
        <right>1024</right>
        <top>256</top>
        <bottom>0</bottom>
        <align>BOTTOM</align>
        <textureID></textureID>
      </texturing_data_Span>
    </referredSpans>
  </portaleditor_data_PortalObject>
  <portaleditor_data_PortalObject>
    <virtual>false</virtual>
    <left>-1280</left>
    <right>-1024</right>
    <top>768</top>
    <bottom>0</bottom>
    <floor>0</floor>
    <ceil>256</ceil>
    <type></type>
    <security_type></security_type>
    <id>Portal12</id>
    <light>0</light>
    <light_type>0</light_type>
    <referredPortals>
      <portalconnector_data_ConnectionPort>
        <portal_id>Portal11</portal_id>
        <left>0</left>
        <right>256</right>
        <top>256</top>
        <bottom>0</bottom>
        <align>TOP</align>
        <type></type>
      </portalconnector_data_ConnectionPort>
      <portalconnector_data_ConnectionPort>
        <portal_id>Portal9</portal_id>
        <left>0</left>
        <right>256</right>
        <top>256</top>
        <bottom>0</bottom>
        <align>BOTTOM</align>
        <type></type>
      </portalconnector_data_ConnectionPort>
      <portalconnector_data_ConnectionPort>
        <portal_id>Portal14</portal_id>
        <left>0</left>
        <right>768</right>
        <top>256</top>
        <bottom>0</bottom>
        <align>RIGHT</align>
        <type></type>
      </portalconnector_data_ConnectionPort>
    </referredPortals>
    <referredSpans>
      <texturing_data_Span>
        <left>0</left>
        <right>768</right>
        <top>256</top>
        <bottom>0</bottom>
        <align>LEFT</align>
        <textureID></textureID>
      </texturing_data_Span>
    </referredSpans>
  </portaleditor_data_PortalObject>
  <portaleditor_data_PortalObject>
    <virtual>false</virtual>
    <left>-256</left>
    <right>0</right>
    <top>768</top>
    <bottom>0</bottom>
    <floor>0</floor>
    <ceil>256</ceil>
    <type></type>
    <security_type></security_type>
    <id>Portal13</id>
    <light>0</light>
    <light_type>0</light_type>
    <referredPortals>
      <portalconnector_data_ConnectionPort>
        <portal_id>Portal11</portal_id>
        <left>0</left>
        <right>256</right>
        <top>256</top>
        <bottom>0</bottom>
        <align>TOP</align>
        <type></type>
      </portalconnector_data_ConnectionPort>
      <portalconnector_data_ConnectionPort>
        <portal_id>Portal9</portal_id>
        <left>0</left>
        <right>256</right>
        <top>256</top>
        <bottom>0</bottom>
        <align>BOTTOM</align>
        <type></type>
      </portalconnector_data_ConnectionPort>
      <portalconnector_data_ConnectionPort>
        <portal_id>Portal14</portal_id>
        <left>0</left>
        <right>768</right>
        <top>256</top>
        <bottom>0</bottom>
        <align>LEFT</align>
        <type></type>
      </portalconnector_data_ConnectionPort>
    </referredPortals>
    <referredSpans>
      <texturing_data_Span>
        <left>0</left>
        <right>768</right>
        <top>256</top>
        <bottom>0</bottom>
        <align>RIGHT</align>
        <textureID></textureID>
      </texturing_data_Span>
    </referredSpans>
  </portaleditor_data_PortalObject>
  <portaleditor_data_PortalObject>
    <virtual>false</virtual>
    <left>-1280</left>
    <right>-1024</right>
    <top>2432</top>
    <bottom>1664</bottom>
    <floor>0</floor>
    <ceil>256</ceil>
    <type></type>
    <security_type></security_type>
    <id>Portal15</id>
    <light>0</light>
    <light_type>0</light_type>
    <referredPortals>
      <portalconnector_data_ConnectionPort>
        <portal_id>Portal1</portal_id>
        <left>0</left>
        <right>768</right>
        <top>256</top>
        <bottom>0</bottom>
        <align>RIGHT</align>
        <type></type>
      </portalconnector_data_ConnectionPort>
      <portalconnector_data_ConnectionPort>
        <portal_id>Portal16</portal_id>
        <left>0</left>
        <right>768</right>
        <top>256</top>
        <bottom>0</bottom>
        <align>LEFT</align>
        <type></type>
      </portalconnector_data_ConnectionPort>
    </referredPortals>
    <referredSpans>
      <texturing_data_Span>
        <left>0</left>
        <right>256</right>
        <top>256</top>
        <bottom>0</bottom>
        <align>TOP</align>
        <textureID></textureID>
      </texturing_data_Span>
      <texturing_data_Span>
        <left>0</left>
        <right>256</right>
        <top>256</top>
        <bottom>0</bottom>
        <align>BOTTOM</align>
        <textureID></textureID>
      </texturing_data_Span>
    </referredSpans>
  </portaleditor_data_PortalObject>
  <portaleditor_data_PortalObject>
    <virtual>false</virtual>
    <left>-1792</left>
    <right>-1280</right>
    <top>2432</top>
    <bottom>1664</bottom>
    <floor>0</floor>
    <ceil>256</ceil>
    <type></type>
    <security_type></security_type>
    <id>Portal16</id>
    <light>0</light>
    <light_type>0</light_type>
    <referredPortals>
      <portalconnector_data_ConnectionPort>
        <portal_id>Portal15</portal_id>
        <left>0</left>
        <right>768</right>
        <top>256</top>
        <bottom>0</bottom>
        <align>RIGHT</align>
        <type></type>
      </portalconnector_data_ConnectionPort>
    </referredPortals>
    <referredSpans>
      <texturing_data_Span>
        <left>0</left>
        <right>768</right>
        <top>256</top>
        <bottom>0</bottom>
        <align>LEFT</align>
        <textureID></textureID>
      </texturing_data_Span>
      <texturing_data_Span>
        <left>0</left>
        <right>512</right>
        <top>256</top>
        <bottom>0</bottom>
        <align>TOP</align>
        <textureID></textureID>
      </texturing_data_Span>
      <texturing_data_Span>
        <left>0</left>
        <right>512</right>
        <top>256</top>
        <bottom>0</bottom>
        <align>BOTTOM</align>
        <textureID></textureID>
      </texturing_data_Span>
    </referredSpans>
  </portaleditor_data_PortalObject>
  <portaleditor_data_PortalObject>
    <virtual>false</virtual>
    <left>-1024</left>
    <right>-256</right>
    <top>768</top>
    <bottom>0</bottom>
    <floor>-64</floor>
    <ceil>512</ceil>
    <type></type>
    <security_type></security_type>
    <id>Portal14</id>
    <light>0</light>
    <light_type>0</light_type>
    <referredPortals>
      <portalconnector_data_ConnectionPort>
        <portal_id>Portal11</portal_id>
        <left>0</left>
        <right>768</right>
        <top>256</top>
        <bottom>0</bottom>
        <align>TOP</align>
        <type></type>
      </portalconnector_data_ConnectionPort>
      <portalconnector_data_ConnectionPort>
        <portal_id>Portal9</portal_id>
        <left>0</left>
        <right>768</right>
        <top>256</top>
        <bottom>0</bottom>
        <align>BOTTOM</align>
        <type></type>
      </portalconnector_data_ConnectionPort>
      <portalconnector_data_ConnectionPort>
        <portal_id>Portal13</portal_id>
        <left>0</left>
        <right>768</right>
        <top>256</top>
        <bottom>0</bottom>
        <align>RIGHT</align>
        <type></type>
      </portalconnector_data_ConnectionPort>
      <portalconnector_data_ConnectionPort>
        <portal_id>Portal12</portal_id>
        <left>0</left>
        <right>768</right>
        <top>256</top>
        <bottom>0</bottom>
        <align>LEFT</align>
        <type></type>
      </portalconnector_data_ConnectionPort>
    </referredPortals>
    <referredSpans>
      <texturing_data_Span>
        <left>0</left>
        <right>768</right>
        <top>512</top>
        <bottom>256</bottom>
        <align>LEFT</align>
        <textureID></textureID>
      </texturing_data_Span>
      <texturing_data_Span>
        <left>0</left>
        <right>768</right>
        <top>0</top>
        <bottom>-64</bottom>
        <align>LEFT</align>
        <textureID></textureID>
      </texturing_data_Span>
      <texturing_data_Span>
        <left>0</left>
        <right>768</right>
        <top>512</top>
        <bottom>256</bottom>
        <align>RIGHT</align>
        <textureID></textureID>
      </texturing_data_Span>
      <texturing_data_Span>
        <left>0</left>
        <right>768</right>
        <top>0</top>
        <bottom>-64</bottom>
        <align>RIGHT</align>
        <textureID></textureID>
      </texturing_data_Span>
      <texturing_data_Span>
        <left>0</left>
        <right>768</right>
        <top>512</top>
        <bottom>256</bottom>
        <align>TOP</align>
        <textureID></textureID>
      </texturing_data_Span>
      <texturing_data_Span>
        <left>0</left>
        <right>768</right>
        <top>0</top>
        <bottom>-64</bottom>
        <align>TOP</align>
        <textureID></textureID>
      </texturing_data_Span>
      <texturing_data_Span>
        <left>0</left>
        <right>768</right>
        <top>512</top>
        <bottom>256</bottom>
        <align>BOTTOM</align>
        <textureID></textureID>
      </texturing_data_Span>
      <texturing_data_Span>
        <left>0</left>
        <right>768</right>
        <top>0</top>
        <bottom>-64</bottom>
        <align>BOTTOM</align>
        <textureID></textureID>
      </texturing_data_Span>
    </referredSpans>
  </portaleditor_data_PortalObject>
</portals>
